18:9:54,null,TEST START TIMESTAMP
18:9:57,REGISTER,3819
18:10:1,LOGIN,3243
18:10:2,REGISTER,1017
18:10:3,LOGIN,982
18:10:3,SEARCH_LABELS,2324
18:10:4,SEARCH_STORIES,1279
18:10:4,SEARCH_STORIES,82
18:10:5,REGISTER,995
18:10:5,SEARCH_LABELS,2292
18:10:5,SEARCH_STORIES,78
18:10:5,SEARCH_STORIES,84
18:10:6,LOGIN,987
18:10:6,SEARCH_LABELS,67
18:10:6,SEARCH_STORIES,66
18:10:6,SEARCH_STORIES,82
18:10:7,EXPORT_STORY,1547
18:10:7,EXPORT_STORY,2796
18:10:8,EXPORT_STORY,1806
18:10:9,CREATE_STORY,2349
18:10:9,CREATE_STORY,2254
18:10:10,CREATE_STORY,2318
18:10:10,UPDATE_STORY,1331
18:10:11,UPDATE_STORY,1261
18:10:12,UPDATE_STORY,2319
18:10:12,REGISTER,3235
18:10:13,DELETE_STORY,2325
18:10:14,DELETE_STORY,2332
18:10:14,LOGIN,2161
18:10:14,DELETE_STORY,2314
18:10:15,SEARCH_LABELS,2289
18:10:15,SEARCH_LABELS,1281
18:10:15,SEARCH_LABELS,1354
18:10:16,SEARCH_LABELS,62
18:10:16,SEARCH_STORIES,1302
18:10:16,REGISTER,2347
18:10:16,SEARCH_STORIES,90
18:10:18,SEARCH_STORIES,2397
18:10:18,SEARCH_STORIES,2304
18:10:18,SEARCH_STORIES,119
18:10:18,SEARCH_STORIES,156
18:10:18,SEARCH_STORIES,2409
18:10:18,SEARCH_STORIES,84
18:10:19,EXPORT_STORY,2647
18:10:19,EXPORT_STORY,1675
18:10:20,LOGIN,3294
18:10:21,EXPORT_STORY,2684
18:10:21,EXPORT_STORY,2669
18:10:22,SEARCH_LABELS,2314
18:10:22,CREATE_STORY,1311
18:10:22,CREATE_STORY,3369
18:10:23,CREATE_STORY,3351
18:10:23,REGISTER,3323
18:10:23,UPDATE_STORY,1261
18:10:24,CREATE_STORY,3301
18:10:24,UPDATE_STORY,566
18:10:25,LOGIN,2177
18:10:25,REGISTER,32
18:10:25,LOGIN,25
18:10:25,SEARCH_LABELS,16
18:10:25,SEARCH_STORIES,3366
18:10:25,SEARCH_STORIES,15
18:10:26,DELETE_STORY,2304
18:10:26,SEARCH_LABELS,11
18:10:26,UPDATE_STORY,3313
18:10:26,DELETE_STORY,12
18:10:26,SEARCH_LABELS,10
18:10:26,SEARCH_LABELS,1304
18:10:26,SEARCH_STORIES,10
18:10:26,SEARCH_STORIES,8
18:10:27,UPDATE_STORY,4314
18:10:27,DELETE_STORY,20
18:10:27,SEARCH_LABELS,9
18:10:28,DELETE_STORY,3296
18:10:28,SEARCH_LABELS,13
18:10:29,REGISTER,11
18:10:29,LOGIN,9
18:10:29,SEARCH_LABELS,9
18:10:34,REGISTER,9
18:10:34,LOGIN,9
18:10:34,SEARCH_LABELS,9
18:10:39,REGISTER,14
18:10:39,LOGIN,12
18:10:39,SEARCH_LABELS,11
18:10:44,REGISTER,9
18:10:44,LOGIN,9
18:10:44,SEARCH_LABELS,11
18:10:49,REGISTER,9
18:10:49,LOGIN,9
18:10:49,SEARCH_LABELS,8
18:10:54,REGISTER,12
18:10:54,LOGIN,11
18:10:54,SEARCH_LABELS,12
18:10:59,REGISTER,10
18:10:59,LOGIN,8
18:10:59,SEARCH_LABELS,10
18:11:7,REGISTER,3209
18:11:10,LOGIN,3290
18:11:10,SEARCH_LABELS,191
18:11:11,REGISTER,1265
18:11:13,LOGIN,1129
18:11:13,SEARCH_LABELS,71
18:11:13,SEARCH_STORIES,2453
18:11:13,SEARCH_STORIES,86
18:11:15,REGISTER,990
18:11:15,SEARCH_STORIES,2289
18:11:15,SEARCH_STORIES,79
18:11:16,LOGIN,1065
18:11:16,EXPORT_STORY,2921
18:11:16,SEARCH_LABELS,165
18:11:16,SEARCH_STORIES,145
18:11:16,SEARCH_STORIES,154
18:11:17,EXPORT_STORY,917
18:11:18,EXPORT_STORY,2623
18:11:18,CREATE_STORY,2550
18:11:19,CREATE_STORY,1498
18:11:20,CREATE_STORY,2295
18:11:21,UPDATE_STORY,2352
18:11:21,UPDATE_STORY,2628
18:11:22,REGISTER,3550
18:11:22,UPDATE_STORY,2440
18:11:23,DELETE_STORY,2347
18:11:24,DELETE_STORY,2398
18:11:24,DELETE_STORY,1400
18:11:24,SEARCH_LABELS,1335
18:11:25,LOGIN,2392
18:11:25,SEARCH_LABELS,97
18:11:26,SEARCH_STORIES,1290
18:11:26,SEARCH_STORIES,77
18:11:26,SEARCH_LABELS,57
18:11:26,SEARCH_STORIES,108
18:11:26,SEARCH_STORIES,78
18:11:26,SEARCH_LABELS,2387
18:11:26,SEARCH_STORIES,63
18:11:26,SEARCH_STORIES,83
18:11:27,SEARCH_STORIES,2365
18:11:27,SEARCH_STORIES,89
18:11:28,REGISTER,3417
18:11:28,EXPORT_STORY,2710
18:11:29,EXPORT_STORY,1800
18:11:29,EXPORT_STORY,3008
18:11:30,EXPORT_STORY,3774
18:11:30,LOGIN,2365
18:11:31,CREATE_STORY,2275
18:11:31,CREATE_STORY,2410
18:11:32,CREATE_STORY,2327
18:11:33,SEARCH_LABELS,2307
18:11:33,UPDATE_STORY,2291
18:11:33,CREATE_STORY,3387
18:11:33,UPDATE_STORY,76
18:11:34,REGISTER,3254
18:11:34,LOGIN,12
18:11:34,SEARCH_LABELS,16
18:11:34,REGISTER,17
18:11:34,LOGIN,16
18:11:34,SEARCH_LABELS,12
18:11:34,UPDATE_STORY,2361
18:11:34,DELETE_STORY,11
18:11:34,UPDATE_STORY,2334
18:11:34,DELETE_STORY,9
18:11:34,SEARCH_LABELS,7
18:11:34,DELETE_STORY,1254
18:11:34,SEARCH_LABELS,9
18:11:35,SEARCH_LABELS,9
18:11:35,DELETE_STORY,2255
18:11:36,SEARCH_LABELS,7
18:11:36,SEARCH_STORIES,3263
18:11:36,SEARCH_STORIES,9
18:11:39,REGISTER,9
18:11:39,LOGIN,23
18:11:39,SEARCH_LABELS,56
18:11:44,REGISTER,9
18:11:44,LOGIN,9
18:11:44,SEARCH_LABELS,8
18:11:49,REGISTER,8
18:11:49,LOGIN,9
18:11:49,SEARCH_LABELS,8
18:11:54,REGISTER,9
18:11:54,LOGIN,9
18:11:54,SEARCH_LABELS,11
18:11:59,REGISTER,7
18:11:59,LOGIN,8
18:11:59,SEARCH_LABELS,9
18:12:5,REGISTER,965
18:12:8,LOGIN,3221
18:12:10,REGISTER,973
18:12:10,SEARCH_LABELS,2288
18:12:10,SEARCH_STORIES,59
18:12:10,SEARCH_STORIES,76
18:12:11,LOGIN,989
18:12:11,SEARCH_LABELS,54
18:12:11,SEARCH_STORIES,58
18:12:11,SEARCH_STORIES,73
18:12:12,EXPORT_STORY,1610
18:12:13,EXPORT_STORY,2494
18:12:14,CREATE_STORY,2257
18:12:15,CREATE_STORY,1287
18:12:15,UPDATE_STORY,1307
18:12:17,DELETE_STORY,1267
18:12:17,REGISTER,3183
18:12:17,UPDATE_STORY,2401
18:12:17,DELETE_STORY,86
18:12:20,LOGIN,3224
18:12:20,SEARCH_LABELS,2378
18:12:21,SEARCH_LABELS,70
18:12:21,REGISTER,1090
18:12:21,SEARCH_STORIES,1260
18:12:22,SEARCH_STORIES,63
18:12:22,LOGIN,1024
18:12:22,SEARCH_LABELS,61
18:12:22,SEARCH_STORIES,57
18:12:22,SEARCH_STORIES,68
18:12:22,SEARCH_LABELS,2356
18:12:22,SEARCH_STORIES,57
18:12:23,SEARCH_STORIES,84
18:12:23,SEARCH_STORIES,2336
18:12:23,SEARCH_STORIES,143
18:12:23,EXPORT_STORY,1726
18:12:24,EXPORT_STORY,1707
18:12:25,CREATE_STORY,1369
18:12:25,EXPORT_STORY,1766
18:12:25,CREATE_STORY,71
18:12:25,EXPORT_STORY,2887
18:12:25,CREATE_STORY,56
18:12:27,UPDATE_STORY,1289
18:12:27,REGISTER,3279
18:12:27,CREATE_STORY,2939
18:12:27,UPDATE_STORY,114
18:12:27,UPDATE_STORY,2523
18:12:27,UPDATE_STORY,2459
18:12:28,DELETE_STORY,1317
18:12:29,DELETE_STORY,2349
18:12:29,DELETE_STORY,2330
18:12:30,SEARCH_LABELS,1346
18:12:30,DELETE_STORY,2390
18:12:30,SEARCH_LABELS,62
18:12:30,LOGIN,3326
18:12:30,SEARCH_LABELS,113
18:12:31,SEARCH_LABELS,57
18:12:31,SEARCH_STORIES,15
18:12:31,SEARCH_STORIES,10
18:12:32,SEARCH_STORIES,1271
18:12:32,SEARCH_STORIES,12
18:12:32,SEARCH_STORIES,2266
18:12:32,SEARCH_STORIES,9
18:12:32,SEARCH_LABELS,8
18:12:33,SEARCH_STORIES,3297
18:12:33,SEARCH_STORIES,10
18:12:33,REGISTER,3219
18:12:33,LOGIN,10
18:12:33,SEARCH_LABELS,10
18:12:34,REGISTER,7
18:12:34,LOGIN,8
18:12:34,SEARCH_LABELS,9
18:12:39,REGISTER,9
18:12:39,LOGIN,8
18:12:39,SEARCH_LABELS,9
18:12:44,REGISTER,10
18:12:44,LOGIN,8
18:12:44,SEARCH_LABELS,8
18:12:49,REGISTER,8
18:12:49,LOGIN,8
18:12:49,SEARCH_LABELS,11
18:12:54,REGISTER,8
18:12:54,LOGIN,8
18:12:54,SEARCH_LABELS,10
18:12:59,REGISTER,7
18:12:59,LOGIN,7
18:12:59,SEARCH_LABELS,8
18:13:5,REGISTER,982
18:13:8,LOGIN,3339
18:13:8,SEARCH_LABELS,66
18:13:8,SEARCH_STORIES,55
18:13:8,SEARCH_STORIES,68
18:13:10,REGISTER,986
18:13:11,LOGIN,978
18:13:11,SEARCH_LABELS,67
18:13:11,SEARCH_STORIES,60
18:13:11,EXPORT_STORY,2607
18:13:11,SEARCH_STORIES,91
18:13:11,EXPORT_STORY,338
18:13:13,CREATE_STORY,2332
18:13:13,CREATE_STORY,2275
18:13:15,UPDATE_STORY,1302
18:13:15,UPDATE_STORY,2277
18:13:17,DELETE_STORY,1245
18:13:17,DELETE_STORY,2394
18:13:20,SEARCH_LABELS,2290
18:13:21,SEARCH_LABELS,50
18:13:22,SEARCH_STORIES,1290
18:13:22,SEARCH_STORIES,83
18:13:22,SEARCH_STORIES,1318
18:13:22,SEARCH_STORIES,59
18:13:23,EXPORT_STORY,1556
18:13:25,EXPORT_STORY,2499
18:13:25,CREATE_STORY,2270
18:13:26,CREATE_STORY,1252
18:13:27,UPDATE_STORY,1235
18:13:28,DELETE_STORY,1294
18:13:28,UPDATE_STORY,2301
18:13:28,DELETE_STORY,63
18:13:30,SEARCH_LABELS,2236
18:13:31,SEARCH_LABELS,58
18:13:31,SEARCH_STORIES,1248
18:13:32,SEARCH_STORIES,61
18:13:32,SEARCH_STORIES,1239
18:13:32,SEARCH_STORIES,61
18:13:33,EXPORT_STORY,1475
18:13:34,EXPORT_STORY,2507
18:13:35,CREATE_STORY,2311
18:13:36,CREATE_STORY,1253
18:13:37,UPDATE_STORY,1236
18:13:38,DELETE_STORY,1377
18:13:38,UPDATE_STORY,2364
18:13:38,DELETE_STORY,72
18:13:40,SEARCH_LABELS,2327
18:13:41,SEARCH_LABELS,51
18:13:42,SEARCH_STORIES,1265
18:13:42,SEARCH_STORIES,79
18:13:42,SEARCH_STORIES,1275
18:13:42,SEARCH_STORIES,56
18:13:43,EXPORT_STORY,1461
18:13:44,EXPORT_STORY,2484
18:13:45,CREATE_STORY,2256
18:13:46,CREATE_STORY,1241
18:13:47,UPDATE_STORY,1294
18:13:47,UPDATE_STORY,1303
18:13:48,DELETE_STORY,1278
18:13:48,SEARCH_LABELS,11
18:13:49,DELETE_STORY,2334
18:13:51,SEARCH_LABELS,9
